Anser anser,4501,Tanmay Deshpande,2020-05-24



Harry Potter,1221,T D,2020-10-22



Anser anser,4501,Tanmay Deshpande,2020-05-24



Harry Potter,1221,T D,2020-10-22



Harry Potter,1234,Tanmay,2020-10-31



Anser anser,4501,Tanmay Deshpande,2020-05-24

Harry Potter,1221,T D,2020-10-22

Anser anser,4501,Tanmay Deshpande,2020-05-24

Harry Potter,1221,T D,2020-10-22

Harry Potter,1234,Tanmay,2020-10-31

Harry Potter,1242,TD A,2020-11-01

Anser anser,4501,Tanmay Deshpande,2020-05-24
Harry Potter,1221,T D,2020-10-22
Anser anser,4501,Tanmay Deshpande,2020-05-24
Harry Potter,1221,T D,2020-10-22
Harry Potter,1234,Tanmay,2020-10-31
Anser anser,4501,Tanmay Deshpande,2020-05-24
Harry Potter,1221,T D,2020-10-22
Anser anser,4501,Tanmay Deshpande,2020-05-24
Harry Potter,1221,T D,2020-10-22
Harry Potter,1234,Tanmay,2020-10-31
Harry Potter,1242,TD A,2020-11-01
Pinus lambertiana Douglas,1241,fd f,2020-11-01
